{
  "formatVersion": 1,
  "database": {
    "version": 1,
    "identityHash": "d19412ceb35f4abe34cba59335b52c79",
    "entities": [
      {
        "tableName": "ShoppingList",
        "createSql": "CREATE TABLE IF NOT EXISTS `${TABLE_NAME}` (`listId` INTEGER NOT NULL, `name` TEXT, `image` TEXT, PRIMARY KEY(`listId`))",
        "fields": [
          {
            "fieldPath": "listId",
            "columnName": "listId",
            "affinity": "INTEGER",
            "notNull": true
          },
          {
            "fieldPath": "name",
            "columnName": "name",
            "affinity": "TEXT",
            "notNull": false
          },
          {
            "fieldPath": "image",
            "columnName": "image",
            "affinity": "TEXT",
            "notNull": false
          }
        ],
        "primaryKey": {
          "columnNames": [
            "listId"
          ],
          "autoGenerate": false
        },
        "indices": [],
        "foreignKeys": []
      },
      {
        "tableName": "Product",
        "createSql": "CREATE TABLE IF NOT EXISTS `${TABLE_NAME}` (`name` TEXT NOT NULL, `quantity` INTEGER NOT NULL, `unit` TEXT, `listId` INTEGER NOT NULL, PRIMARY KEY(`name`))",
        "fields": [
          {
            "fieldPath": "name",
            "columnName": "name",
            "affinity": "TEXT",
            "notNull": true
          },
          {
            "fieldPath": "quantity",
            "columnName": "quantity",
            "affinity": "INTEGER",
            "notNull": true
          },
          {
            "fieldPath": "unit",
            "columnName": "unit",
            "affinity": "TEXT",
            "notNull": false
          },
          {
            "fieldPath": "listId",
            "columnName": "listId",
            "affinity": "INTEGER",
            "notNull": true
          }
        ],
        "primaryKey": {
          "columnNames": [
            "name"
          ],
          "autoGenerate": false
        },
        "indices": [],
        "foreignKeys": []
      }
    ],
    "views": [],
    "setupQueries": [
      "CREATE TABLE IF NOT EXISTS room_master_table (id INTEGER PRIMARY KEY,identity_hash TEXT)",
      "INSERT OR REPLACE INTO room_master_table (id,identity_hash) VALUES(42, 'd19412ceb35f4abe34cba59335b52c79')"
    ]
  }
}